{
   "logp": [
      2.457093002906336,
      1.43432680120807,
      -6.8762,
      8.2521
   ],
   "tpsa": [
      64.82097239983163,
      22.93463439748458,
      0.0,
      149.7
   ],
   "sas": [
      3.053235235089898,
      0.8347944522024032,
      1.1327382804544328,
      7.289282840617412
   ],
   "qed": [
      0.7282644882810483,
      0.1395647948226597,
      0.111811475018,
      0.947882357896
   ]
}